Nome;Email;Endereço;Telefone
Thiago Barbosa da Silva;thiagob0@gmail.com;8076 Moreira Rodovia - Joaquim Nabuco, RS / 61882-195;(67) 2751-1162
Júlio Abreu dos Santos;jabreuds@gmail.com;790 Rebeca Avenida - Ipubi, AP / 18568-209;(99) 2449-5805
Guilherme Henrique Silva;guihenrique367@gmail.com;7597 Barros Travessa - Campina Grande, RN / 38872-327;(34) 2765-2532
Vítor Nunes de Oliveira;vtnunes@gmail.com;7665 Suélen Alameda - Fortuna, GO / 06588-494;(96) 3883-3118
Felipe Sousa Araújo;fesouza@gmail.com;874 Kléber Avenida - Sertanópolis, DF / 69694-167;(24) 2538-6810
Sebastião de Almeida;sebastiao4758@gmail.com;3192 Ana Clara Avenida - Salinas da Margarida, ES / 15440-017;(83) 3844-6532
Rodrigo Paulo Teixeira ;teixeirarodrigo@gmail.com;55295 Melo Rodovia - Palma, GO / 77761-539;(77) 2293-1627
Fernando Miguel Santos;santos.miguel@gmail.com;24115 Albuquerque Alameda - Marcolândia, RJ / 82602-393;(37) 3560-6777
Alexandre Aguiar Marques;a10aguiar@gmail.com;68938 Reis Travessa - Bom Jesus do Tocantins, MT / 20497-750;(84) 2531-8527
Luís da Costa Silva;lscosta11@gmail.com;22316 Murilo Marginal - Salto do Itararé, RJ / 69089-895;(85) 2316-8862
